;;BDRX;IBOV;IBRA;IBXL;IBXX;ICO2;ICON;IDIV;IEEX;IFIX;IFNC;IGCT;IGCX;IGNM;IMAT;IMOB;INDX;ISEE;ITAG;IVBX;MLCX;SMLL;UTIL
3M;DRN;MMMC34;;;;;;;;;;;;;;;;;;;;;;
ABBOTT;DRN;ABTT34;;;;;;;;;;;;;;;;;;;;;;
ABC BRASIL;PN N2;;;ABCB4;;;;;ABCB4;;;ABCB4;ABCB4;ABCB4;;;;;;ABCB4;;;ABCB4;
ACCENTURE;DRN;ACNB34;;;;;;;;;;;;;;;;;;;;;;
ADVANCED-DH;ON;;;;;;;;;;;;;;;;;;;ADHM3;;;;
AES TIETE E;UNT N2;;;TIET11;;TIET11;;;TIET11;TIET11;;;TIET11;TIET11;;;;;TIET11;TIET11;;;TIET11;TIET11
AIG GROUP;DRN;AIGB34;;;;;;;;;;;;;;;;;;;;;;
ALIANSCE;ON NM;;;ALSC3;;;;;;;;;ALSC3;ALSC3;ALSC3;;ALSC3;;;ALSC3;;;ALSC3;
ALLIAR;ON NM;;;;;;;;;;;;;AALR3;AALR3;;;;;AALR3;;;;
ALPARGATAS;ON N1;;;;;;;;;;;;;ALPA3;;;;;;;;;;
ALPARGATAS;PN N1;;;ALPA4;;;;ALPA4;;;;;ALPA4;ALPA4;;;;ALPA4;;;;;ALPA4;
ALPER S.A.;ON NM;;;;;;;;;;;;;APER3;APER3;;;;;APER3;;;;
ALPHABET;DRN;GOGL34;;;;;;;;;;;;;;;;;;;;;;
ALUPAR;UNT N2;;;ALUP11;;;;;;ALUP11;;;ALUP11;ALUP11;;;;;;ALUP11;;;ALUP11;ALUP11
AMAZON;DRN;AMZO34;;;;;;;;;;;;;;;;;;;;;;
AMBEV S/A;ON;;ABEV3;ABEV3;ABEV3;ABEV3;;ABEV3;;;;;;;;;;ABEV3;;;;ABEV3;;
AMERICAN EXP;DRN;AXPB34;;;;;;;;;;;;;;;;;;;;;;
AMGEN;DRN;AMGN34;;;;;;;;;;;;;;;;;;;;;;
ANIMA;ON NM;;;ANIM3;;;;ANIM3;;;;;ANIM3;ANIM3;ANIM3;;;;;ANIM3;;;ANIM3;
APPLE;DRN;AAPL34;;;;;;;;;;;;;;;;;;;;;;
ARCELOR;DRN;ARMT34;;;;;;;;;;;;;;;;;;;;;;
ARCONIC;DRN;ARNC34;;;;;;;;;;;;;;;;;;;;;;
AREZZO CO;ON NM;;;ARZZ3;;;;ARZZ3;;;;;ARZZ3;ARZZ3;ARZZ3;;;;;ARZZ3;;;ARZZ3;
ATT INC;DRN;ATTB34;;;;;;;;;;;;;;;;;;;;;;
AVON;DRN;AVON34;;;;;;;;;;;;;;;;;;;;;;
AZUL;PN N2;;;AZUL4;;AZUL4;;;;;;;AZUL4;AZUL4;;;;;;AZUL4;AZUL4;;AZUL4;
B2W DIGITAL;ON NM;;BTOW3;BTOW3;BTOW3;BTOW3;;BTOW3;;;;;BTOW3;BTOW3;BTOW3;;;;BTOW3;BTOW3;BTOW3;BTOW3;;
B3;ON NM;;B3SA3;B3SA3;B3SA3;B3SA3;B3SA3;;;;;B3SA3;B3SA3;B3SA3;B3SA3;;;;;B3SA3;;B3SA3;;
BAHEMA;ON MA;;;;;;;;;;;;;;;;;;;BAHI3;;;;
INTER BANCO;PN N1;;;BIDI4;;;;;;;;BIDI4;BIDI4;BIDI4;;;;;;BIDI4;;;;
BANCO PAN;PN N1;;;;;;;;;;;;;BPAN4;;;;;;BPAN4;;;;
BANESE;PN;;;;;;;;;;;;;;;;;;;BGIP4;;;;
BANK AMERICA;DRN;BOAC34;;;;;;;;;;;;;;;;;;;;;;
BANRISUL;ON N1;;;;;;;;;;;;;;;;;;;BRSR3;;;;
BANRISUL;PNB N1;;;BRSR6;;BRSR6;;;BRSR6;;;BRSR6;BRSR6;BRSR6;;;;;;BRSR6;;;BRSR6;
BBSEGURIDADE;ON NM;;BBSE3;BBSE3;BBSE3;BBSE3;;;BBSE3;;;BBSE3;BBSE3;BBSE3;BBSE3;;;;;BBSE3;BBSE3;BBSE3;;
BERKSHIRE;DRN;BERK34;;;;;;;;;;;;;;;;;;;;;;
BIOMM;ON MA;;;;;;;;;;;;;;;;;;;BIOM3;;;;
BIOSEV;ON NM;;;;;;;;;;;;;BSEV3;BSEV3;;;;;BSEV3;;;;
BK BRASIL;ON NM;;;BKBR3;;;;BKBR3;;;;;BKBR3;BKBR3;BKBR3;;;;;BKBR3;;;BKBR3;
BNY MELLON;DRN;BONY34;;;;;;;;;;;;;;;;;;;;;;
BOEING;DRN;BOEI34;;;;;;;;;;;;;;;;;;;;;;
BOSTON PROP;DRN;BOXP34;;;;;;;;;;;;;;;;;;;;;;
BR BROKERS;ON NM;;;;;;;;;;;;;BBRK3;BBRK3;;;;;BBRK3;;;;
BR MALLS PAR;ON NM;;BRML3;BRML3;BRML3;BRML3;BRML3;;;;;;BRML3;BRML3;BRML3;;BRML3;;;BRML3;BRML3;BRML3;;
BR PROPERT;ON NM;;;BRPR3;;;;;;;;;BRPR3;BRPR3;BRPR3;;BRPR3;;;BRPR3;;;BRPR3;
BRADESCO;ON N1;;BBDC3;BBDC3;BBDC3;BBDC3;BBDC3;;;;;BBDC3;BBDC3;BBDC3;;;;;BBDC3;BBDC3;;BBDC3;;
BRADESCO;PN N1;;BBDC4;BBDC4;BBDC4;BBDC4;BBDC4;;;;;BBDC4;BBDC4;BBDC4;;;;;BBDC4;BBDC4;;BBDC4;;
BRADESPAR;ON N1;;;;;;;;;;;;;BRAP3;;;;;;BRAP3;;;;
BRADESPAR;PN N1;;BRAP4;BRAP4;BRAP4;BRAP4;BRAP4;;BRAP4;;;;BRAP4;BRAP4;;BRAP4;;;;BRAP4;BRAP4;;BRAP4;
BRASIL;ON NM;;BBAS3;BBAS3;BBAS3;BBAS3;BBAS3;;;;;BBAS3;BBAS3;BBAS3;BBAS3;;;;BBAS3;BBAS3;;BBAS3;;
BRASILAGRO;ON NM;;;;;;;;;;;;;AGRO3;AGRO3;;;;;AGRO3;;;;
BRASKEM;ON N1;;;;;;;;;;;;;BRKM3;;;;;;BRKM3;;;;
BRASKEM;PNA N1;;BRKM5;BRKM5;BRKM5;BRKM5;BRKM5;;BRKM5;;;;BRKM5;BRKM5;;BRKM5;;BRKM5;BRKM5;BRKM5;BRKM5;BRKM5;;
BRF SA;ON NM;;BRFS3;BRFS3;BRFS3;BRFS3;BRFS3;BRFS3;;;;;BRFS3;BRFS3;BRFS3;;;BRFS3;;BRFS3;BRFS3;BRFS3;;
BRISTOLMYERS;DRN;BMYB34;;;;;;;;;;;;;;;;;;;;;;
BTGP BANCO;UNT;;;BPAC11;;;;;;;;BPAC11;;;;;;;;;;BPAC11;;
CAMBUCI;PN;;;;;;;;;;;;;;;;;;;CAMB4;;;;
CAMIL;ON NM;;;CAML3;;;;CAML3;;;;;CAML3;CAML3;CAML3;;;CAML3;;CAML3;;;CAML3;
CARREFOUR BR;ON NM;;;CRFB3;;CRFB3;;CRFB3;;;;;CRFB3;CRFB3;CRFB3;;;;;CRFB3;;CRFB3;;
CATERPILLAR;DRN;CATP34;;;;;;;;;;;;;;;;;;;;;;
CCR SA;ON NM;;CCRO3;CCRO3;CCRO3;CCRO3;CCRO3;;CCRO3;;;;CCRO3;CCRO3;CCRO3;;;;CCRO3;CCRO3;CCRO3;CCRO3;;
CCX CARVAO;ON NM;;;;;;;;;;;;;CCXC3;CCXC3;;;;;CCXC3;;;;
CEDRO;PN N1;;;;;;;;;;;;;;;;;;;CEDO4;;;;
CELESC;PN N2;;;;;;;;;;;;;CLSC4;;;;;;CLSC4;;;;
CELGENE CORP;DRN;CLGN34;;;;;;;;;;;;;;;;;;;;;;
CEMIG;ON N1;;;CMIG3;;CMIG3;;;;;;;CMIG3;CMIG3;;;;;CMIG3;;;CMIG3;;CMIG3
CEMIG;PN N1;;CMIG4;CMIG4;CMIG4;CMIG4;CMIG4;;CMIG4;CMIG4;;;CMIG4;CMIG4;;;;;CMIG4;;CMIG4;CMIG4;;CMIG4
CESP;ON N1;;;;;;;;;;;;;CESP3;;;;;;;;;;
CESP;PNB N1;;;CESP6;;CESP6;;;;CESP6;;;CESP6;CESP6;;;;;;CESP6;;;CESP6;CESP6
CHEVRON;DRN;CHVX34;;;;;;;;;;;;;;;;;;;;;;
CIA HERING;ON NM;;;HGTX3;;HGTX3;;HGTX3;HGTX3;;;;HGTX3;HGTX3;HGTX3;;;HGTX3;;HGTX3;;;HGTX3;
CIELO;ON NM;;CIEL3;CIEL3;CIEL3;CIEL3;CIEL3;;;;;CIEL3;CIEL3;CIEL3;CIEL3;;;;CIEL3;CIEL3;CIEL3;CIEL3;;
CISCO;DRN;CSCO34;;;;;;;;;;;;;;;;;;;;;;
CITIGROUP;DRN;CTGP34;;;;;;;;;;;;;;;;;;;;;;
COCA COLA;DRN;COCA34;;;;;;;;;;;;;;;;;;;;;;
COELCE;PNA;;;;;;;;;COCE5;;;;;;;;;;;;;;
COLGATE;DRN;COLG34;;;;;;;;;;;;;;;;;;;;;;
COMCAST;DRN;CMCS34;;;;;;;;;;;;;;;;;;;;;;
COPASA;ON NM;;;CSMG3;;CSMG3;;;CSMG3;;;;CSMG3;CSMG3;CSMG3;;;;;CSMG3;;;CSMG3;CSMG3
COPEL;ON N1;;;;;;;;;;;;;CPLE3;;;;;;;;;;
COPEL;PNB N1;;;CPLE6;;CPLE6;;;CPLE6;CPLE6;;;CPLE6;CPLE6;;;;;CPLE6;;;;CPLE6;CPLE6
COPHILLIPS;DRN;COPH34;;;;;;;;;;;;;;;;;;;;;;
COSAN;ON NM;;CSAN3;CSAN3;CSAN3;CSAN3;;;;;;;CSAN3;CSAN3;CSAN3;;;;;CSAN3;CSAN3;CSAN3;;
COSAN LOG;ON NM;;;RLOG3;;;;;;;;;RLOG3;RLOG3;RLOG3;;;;;RLOG3;;;RLOG3;
COTEMINAS;PN;;;;;;;;;;;;;;;;;;;CTNM4;;;;
COTY INC;DRN;COTY34;;;;;;;;;;;;;;;;;;;;;;
CPFL ENERGIA;ON NM;;;CPFE3;;;;;;CPFE3;;;CPFE3;CPFE3;CPFE3;;;;;CPFE3;;CPFE3;;CPFE3
CPFL RENOVAV;ON NM;;;;;;;;;CPRE3;;;;CPRE3;CPRE3;;;;;CPRE3;;;;
CR2;ON NM;;;;;;;;;;;;;CRDE3;CRDE3;;;;;CRDE3;;;;
CSU CARDSYST;ON NM;;;;;;;;;;;;;CARD3;CARD3;;;;;CARD3;;;;
CVC BRASIL;ON NM;;CVCB3;CVCB3;;CVCB3;;CVCB3;;;;;CVCB3;CVCB3;CVCB3;;;;;CVCB3;CVCB3;;CVCB3;
CYRE COM-CCP;ON NM;;;;;;;;;;;;;CCPR3;CCPR3;;;;;CCPR3;;;;
CYRELA REALT;ON NM;;CYRE3;CYRE3;;CYRE3;;CYRE3;;;;;CYRE3;CYRE3;CYRE3;;CYRE3;CYRE3;;CYRE3;CYRE3;;CYRE3;
DANAHER CORP;DRN;DHER34;;;;;;;;;;;;;;;;;;;;;;
DASA;ON;;;;;;;;;;;;;;;;;;;DASA3;;;;
DIRECIONAL;ON NM;;;DIRR3;;;;DIRR3;;;;;DIRR3;DIRR3;DIRR3;;DIRR3;DIRR3;;DIRR3;;;DIRR3;
DOMMO;ON;;;DMMO3;;;;;;;;;;;;;;;;;;;DMMO3;
DOWDUPONT;DRN;DWDP34;;;;;;;;;;;;;;;;;;;;;;
DUKE ENERGY;DRN;DUKB34;;;;;;;;;;;;;;;;;;;;;;
DURATEX;ON NM;;;DTEX3;;DTEX3;;;;;;;DTEX3;DTEX3;DTEX3;DTEX3;;DTEX3;DTEX3;DTEX3;;;DTEX3;
EBAY;DRN;EBAY34;;;;;;;;;;;;;;;;;;;;;;
ECORODOVIAS;ON NM;;ECOR3;ECOR3;;ECOR3;;;;;;;ECOR3;ECOR3;ECOR3;;;;ECOR3;ECOR3;ECOR3;;ECOR3;
ELEKEIROZ;PN;;;;;;;;;;;;;;;;;;;ELEK4;;;;
ELETROBRAS;ON N1;;ELET3;ELET3;ELET3;ELET3;;;;ELET3;;;ELET3;ELET3;;;;;ELET3;;ELET3;ELET3;;ELET3
ELETROBRAS;PNB N1;;ELET6;ELET6;ELET6;ELET6;;;;;;;ELET6;ELET6;;;;;ELET6;;;ELET6;;ELET6
ELETROPAULO;ON NM;;;;;;;;;ELPL3;;;;ELPL3;ELPL3;;;;ELPL3;ELPL3;;;ELPL3;
EMBRAER;ON NM;;EMBR3;EMBR3;EMBR3;EMBR3;;;;;;;EMBR3;EMBR3;EMBR3;;;EMBR3;;EMBR3;EMBR3;EMBR3;;
ENERGIAS BR;ON NM;;ENBR3;ENBR3;;ENBR3;;;ENBR3;ENBR3;;;ENBR3;ENBR3;ENBR3;;;;ENBR3;ENBR3;ENBR3;;ENBR3;ENBR3
ENERGISA;UNT N2;;;ENGI11;;ENGI11;;;;ENGI11;;;ENGI11;ENGI11;;;;;;ENGI11;;ENGI11;;ENGI11
ENEVA;ON NM;;;ENEV3;;;;;;ENEV3;;;ENEV3;ENEV3;ENEV3;;;;;ENEV3;;;ENEV3;ENEV3
ENGIE BRASIL;ON NM;;EGIE3;EGIE3;;EGIE3;;;EGIE3;EGIE3;;;EGIE3;EGIE3;EGIE3;;;;EGIE3;EGIE3;;EGIE3;;EGIE3
EQUATORIAL;ON NM;;EQTL3;EQTL3;;EQTL3;;;;EQTL3;;;EQTL3;EQTL3;EQTL3;;;;;EQTL3;EQTL3;EQTL3;;EQTL3
ESTACIO PART;ON NM;;ESTC3;ESTC3;ESTC3;ESTC3;;ESTC3;ESTC3;;;;ESTC3;ESTC3;ESTC3;;;;;ESTC3;ESTC3;;ESTC3;
EUCATEX;PN N1;;;;;;;;;;;;;EUCA4;;;;;;;;;;
EVEN;ON NM;;;EVEN3;;;;EVEN3;;;;;EVEN3;EVEN3;EVEN3;;EVEN3;EVEN3;;EVEN3;;;EVEN3;
EXXON MOBIL;DRN;EXXO34;;;;;;;;;;;;;;;;;;;;;;
EZTEC;ON NM;;;EZTC3;;EZTC3;;EZTC3;EZTC3;;;;EZTC3;EZTC3;EZTC3;;EZTC3;EZTC3;;EZTC3;;;EZTC3;
FACEBOOK;DRN;FBOK34;;;;;;;;;;;;;;;;;;;;;;
FEDEX CORP;DRN;FDXB34;;;;;;;;;;;;;;;;;;;;;;
FEMSA;DRN;FMXB34;;;;;;;;;;;;;;;;;;;;;;
FERBASA;PN N1;;;FESA4;;;;;FESA4;;;;FESA4;FESA4;;FESA4;;FESA4;;;;;FESA4;
FII ABC IMOB;CI;;;;;;;;;;ABCP11;;;;;;;;;;;;;
FII ABSOLUTO;CI;;;;;;;;;;BPFF11;;;;;;;;;;;;;
FII AESAPAR;CI;;;;;;;;;;AEFI11;;;;;;;;;;;;;
FII AG CAIXA;CI;;;;;;;;;;AGCX11;;;;;;;;;;;;;
FII ALIANZA;CI;;;;;;;;;;ALZR11;;;;;;;;;;;;;
FII ALMIRANT;CI MB;;;;;;;;;;FAMB11B;;;;;;;;;;;;;
FII ANH EDUC;CI;;;;;;;;;;FAED11;;;;;;;;;;;;;
FII BB CORP;CI;;;;;;;;;;BBRC11;;;;;;;;;;;;;
FII BB PRGII;CI;;;;;;;;;;BBPO11;;;;;;;;;;;;;
FII BB PROGR;CI MB;;;;;;;;;;BBFI11B;;;;;;;;;;;;;
FII BB R PAP;CI;;;;;;;;;;RNDP11;;;;;;;;;;;;;
FII BC FFII;CI;;;;;;;;;;BCFF11;;;;;;;;;;;;;
FII BC FUND;CI;;;;;;;;;;BRCR11;;;;;;;;;;;;;
FII BCIA;CI;;;;;;;;;;BCIA11;;;;;;;;;;;;;
FII BEES CRI;CI;;;;;;;;;;BCRI11;;;;;;;;;;;;;
FII BM THERA;CI;;;;;;;;;;THRA11;;;;;;;;;;;;;
FII BMBRC LC;CI MB;;;;;;;;;;BMLC11B;;;;;;;;;;;;;
FII C BRANCO;CI;;;;;;;;;;CBOP11;;;;;;;;;;;;;
FII C JARDIM;CI;;;;;;;;;;BBVJ11;;;;;;;;;;;;;
FII C TEXTIL;CI;;;;;;;;;;CTXT11;;;;;;;;;;;;;
FII CAMPUSFL;CI;;;;;;;;;;FCFL11;;;;;;;;;;;;;
FII CAPI SEC;CI MB;;;;;;;;;;CPTS11B;;;;;;;;;;;;;
FII CENESP;CI;;;;;;;;;;CNES11;;;;;;;;;;;;;
FII CEO CCP;CI;;;;;;;;;;CEOC11;;;;;;;;;;;;;
FII CRIANCA;CI;;;;;;;;;;HCRI11;;;;;;;;;;;;;
FII CSHG CRI;CI;;;;;;;;;;HGCR11;;;;;;;;;;;;;
FII CSHG LOG;CI;;;;;;;;;;HGLG11;;;;;;;;;;;;;
FII CSHG URB;CI;;;;;;;;;;HGRU11;;;;;;;;;;;;;
FII CSHGJHSF;CI;;;;;;;;;;HGJH11;;;;;;;;;;;;;
FII CX CEDAE;CI MB;;;;;;;;;;CXCE11B;;;;;;;;;;;;;
FII CX RBRAV;CI;;;;;;;;;;CXRI11;;;;;;;;;;;;;
FII D PEDRO;CI;;;;;;;;;;PQDP11;;;;;;;;;;;;;
FII DEA CARE;CI;;;;;;;;;;CARE11;;;;;;;;;;;;;
FII EUROPAR;CI;;;;;;;;;;EURO11;;;;;;;;;;;;;
FII EXCELLEN;CI;;;;;;;;;;FEXC11;;;;;;;;;;;;;
FII FATOR VE;CI;;;;;;;;;;VRTA11;;;;;;;;;;;;;
FII FATORFIX;CI;;;;;;;;;;FIXX11;;;;;;;;;;;;;
FII GALERIA;CI;;;;;;;;;;EDGA11;;;;;;;;;;;;;
FII GEN SHOP;CI;;;;;;;;;;FIGS11;;;;;;;;;;;;;
FII GGRCOVEP;CI;;;;;;;;;;GGRC11;;;;;;;;;;;;;
FII HEDGEBS;CI;;;;;;;;;;HGBS11;;;;;;;;;;;;;
FII HG REAL;CI;;;;;;;;;;HGRE11;;;;;;;;;;;;;
FII HIGIENOP;CI;;;;;;;;;;SHPH11;;;;;;;;;;;;;
FII HOTEL MX;CI;;;;;;;;;;HTMX11;;;;;;;;;;;;;
FII HTOPFOF2;CI;;;;;;;;;;FOFT11;;;;;;;;;;;;;
FII HTOPFOF3;CI;;;;;;;;;;HFOF11;;;;;;;;;;;;;
FII INDL BR;CI;;;;;;;;;;FIIB11;;;;;;;;;;;;;
FII IRIDIUM;CI;;;;;;;;;;IRDM11;;;;;;;;;;;;;
FII JHSF FBV;CI;;;;;;;;;;RBBV11;;;;;;;;;;;;;
FII JS REAL;CI;;;;;;;;;;JSRE11;;;;;;;;;;;;;
FII KII REAL;CI;;;;;;;;;;KNRE11;;;;;;;;;;;;;
FII KINEA;CI;;;;;;;;;;KNRI11;;;;;;;;;;;;;
FII KINEA HY;CI;;;;;;;;;;KNHY11;;;;;;;;;;;;;
FII KINEA IP;CI;;;;;;;;;;KNIP11;;;;;;;;;;;;;
FII KINEA RI;CI;;;;;;;;;;KNCR11;;;;;;;;;;;;;
FII LOURDES;CI;;;;;;;;;;NSLU11;;;;;;;;;;;;;
FII LOUVEIRA;CI;;;;;;;;;;GRLV11;;;;;;;;;;;;;
FII MALLS BP;CI;;;;;;;;;;MALL11;;;;;;;;;;;;;
FII MAX RET;CI;;;;;;;;;;MAXR11;;;;;;;;;;;;;
FII MAXI REN;CI;;;;;;;;;;MXRF11;;;;;;;;;;;;;
FII MERC BR;CI;;;;;;;;;;MBRF11;;;;;;;;;;;;;
FII MERITO I;CI;;;;;;;;;;MFII11;;;;;;;;;;;;;
FII MOGNO;CI;;;;;;;;;;MGFF11;;;;;;;;;;;;;
FII OLIMPIA;CI;;;;;;;;;;VLOL11;;;;;;;;;;;;;
FII OURI JPP;CI;;;;;;;;;;OUJP11;;;;;;;;;;;;;
FII POLO CRI;CI;;;;;;;;;;PORD11;;;;;;;;;;;;;
FII RB CAP I;CI MB;;;;;;;;;;FIIP11B;;;;;;;;;;;;;
FII RB GSB I;CI;;;;;;;;;;RBGS11;;;;;;;;;;;;;
FII RB II;CI;;;;;;;;;;RBRD11;;;;;;;;;;;;;
FII RBRALPHA;CI;;;;;;;;;;RBRF11;;;;;;;;;;;;;
FII RBRHGRAD;CI;;;;;;;;;;RBRR11;;;;;;;;;;;;;
FII RIOB RC;CI;;;;;;;;;;FFCI11;;;;;;;;;;;;;
FII RIONEGRO;CI;;;;;;;;;;RNGO11;;;;;;;;;;;;;
FII S F LIMA;CI;;;;;;;;;;FLMA11;;;;;;;;;;;;;
FII SANT AGE;CI;;;;;;;;;;SAAG11;;;;;;;;;;;;;
FII SDI LOG;CI;;;;;;;;;;SDIL11;;;;;;;;;;;;;
FII SHOPJSUL;CI;;;;;;;;;;JRDM11;;;;;;;;;;;;;
FII SP DOWNT;CI;;;;;;;;;;SPTW11;;;;;;;;;;;;;
FII TBOFFICE;CI;;;;;;;;;;TBOF11;;;;;;;;;;;;;
FII TG ATIVO;CI;;;;;;;;;;TGAR11;;;;;;;;;;;;;
FII THE ONE;CI;;;;;;;;;;ONEF11;;;;;;;;;;;;;
FII TORRE AL;CI;;;;;;;;;;ALMI11;;;;;;;;;;;;;
FII TRX LOG;CI;;;;;;;;;;TRXL11;;;;;;;;;;;;;
FII TRXE COR;CI;;;;;;;;;;XTED11;;;;;;;;;;;;;
FII UBS (BR);CI;;;;;;;;;;UBSR11;;;;;;;;;;;;;
FII VBI 4440;CI;;;;;;;;;;FVBI11;;;;;;;;;;;;;
FII VINCI SC;CI;;;;;;;;;;VISC11;;;;;;;;;;;;;
FII XP LOG;CI;;;;;;;;;;XPLG11;;;;;;;;;;;;;
FII XP MACAE;CI;;;;;;;;;;XPCM11;;;;;;;;;;;;;
FII XP MALLS;CI;;;;;;;;;;XPML11;;;;;;;;;;;;;
FLEURY;ON NM;;FLRY3;FLRY3;;FLRY3;;FLRY3;;;;;FLRY3;FLRY3;FLRY3;;;;FLRY3;FLRY3;FLRY3;;FLRY3;
FORD MOTORS;DRN;FDMO34;;;;;;;;;;;;;;;;;;;;;;
FORJA TAURUS;ON N2;;;;;;;;;;;;;FJTA3;;;;;;FJTA3;;;;
FORJA TAURUS;PN N2;;;FJTA4;;;;;;;;;FJTA4;FJTA4;;;;FJTA4;;FJTA4;;;FJTA4;
FRAS-LE;ON N1;;;;;;;;;;;;;FRAS3;;;;;;;;;;
FREEPORT;DRN;FCXO34;;;;;;;;;;;;;;;;;;;;;;
GAFISA;ON NM;;;GFSA3;;GFSA3;;GFSA3;;;;;GFSA3;GFSA3;GFSA3;;GFSA3;GFSA3;;GFSA3;;;GFSA3;
GE;DRN;GEOO34;;;;;;;;;;;;;;;;;;;;;;
GEN DYNAMICS;DRN;GDBR34;;;;;;;;;;;;;;;;;;;;;;
GENERALSHOPP;ON NM;;;;;;;;;;;;;GSHP3;GSHP3;;;;;GSHP3;;;;
GER PARANAP;PN;;;;;;;;;;;;;;;;;;;GEPA4;;;;
GERDAU;ON N1;;;;;;;;;;;;;GGBR3;;;;;;GGBR3;;;;
GERDAU;PN N1;;GGBR4;GGBR4;GGBR4;GGBR4;;;;;;;GGBR4;GGBR4;;GGBR4;;GGBR4;;GGBR4;;GGBR4;;
GERDAU MET;ON N1;;;;;;;;;;;;;GOAU3;;;;;;GOAU3;;;;
GERDAU MET;PN N1;;GOAU4;GOAU4;GOAU4;GOAU4;;;;;;;GOAU4;GOAU4;;GOAU4;;GOAU4;;GOAU4;GOAU4;;GOAU4;
GOL;PN N2;;GOLL4;GOLL4;GOLL4;GOLL4;GOLL4;;;;;;GOLL4;GOLL4;;;;;;GOLL4;GOLL4;;GOLL4;
GOLDMANSACHS;DRN;GSGI34;;;;;;;;;;;;;;;;;;;;;;
GRAZZIOTIN;ON;;;;;;;;;;;;;;;;;;;CGRA3;;;;
GRAZZIOTIN;PN;;;;;;;;;;;;;;;;;;;CGRA4;;;;
GRENDENE;ON NM;;;GRND3;;;;GRND3;GRND3;;;;GRND3;GRND3;GRND3;;;GRND3;;GRND3;;;GRND3;
GUARARAPES;ON;;;GUAR3;;;;GUAR3;;;;;;;;;;;;;;;GUAR3;
HALLIBURTON;DRN;HALI34;;;;;;;;;;;;;;;;;;;;;;
HAPVIDA;ON NM;;;HAPV3;;HAPV3;;HAPV3;;;;;HAPV3;HAPV3;HAPV3;;;;;HAPV3;;HAPV3;;
HELBOR;ON NM;;;;;;;;;;;;;HBOR3;HBOR3;;;HBOR3;;HBOR3;;;;
HERSHEY CO;DRN;HSHY34;;;;;;;;;;;;;;;;;;;;;;
HOME DEPOT;DRN;HOME34;;;;;;;;;;;;;;;;;;;;;;
HONEYWELL;DRN;HONB34;;;;;;;;;;;;;;;;;;;;;;
HP COMPANY;DRN;HPQB34;;;;;;;;;;;;;;;;;;;;;;
HYPERA;ON NM;;HYPE3;HYPE3;HYPE3;HYPE3;HYPE3;HYPE3;;;;;HYPE3;HYPE3;HYPE3;;;;;HYPE3;HYPE3;HYPE3;;
IBM;DRN;IBMB34;;;;;;;;;;;;;;;;;;;;;;
IGUATEMI;ON NM;;IGTA3;IGTA3;;IGTA3;;;;;;;IGTA3;IGTA3;IGTA3;;IGTA3;;;IGTA3;IGTA3;;IGTA3;
IHPARDINI;ON NM;;;PARD3;;;;PARD3;;;;;PARD3;PARD3;PARD3;;;;;PARD3;;;PARD3;
IMC S/A;ON NM;;;MEAL3;;;;MEAL3;;;;;MEAL3;MEAL3;MEAL3;;;;;MEAL3;;;MEAL3;
INDS ROMI;ON NM;;;;;;;;;;;;;ROMI3;ROMI3;;;;;ROMI3;;;;
INDUSVAL;ON N2;;;;;;;;;;;;;;;;;;;IDVL3;;;;
INTEL;DRN;ITLC34;;;;;;;;;;;;;;;;;;;;;;
INTERMEDICA;ON NM;;;GNDI3;;GNDI3;;GNDI3;;;;;GNDI3;GNDI3;GNDI3;;;;;GNDI3;;GNDI3;;
IOCHP-MAXION;ON NM;;;MYPK3;;MYPK3;;MYPK3;;;;;MYPK3;MYPK3;MYPK3;;;MYPK3;;MYPK3;;;MYPK3;
IRBBRASIL RE;ON NM;;;IRBR3;;IRBR3;;;;;;IRBR3;IRBR3;IRBR3;IRBR3;;;;;IRBR3;IRBR3;IRBR3;;
ITAUSA;ON N1;;;;;;;;;;;;;ITSA3;;;;;;;;;;
ITAUSA;PN N1;;ITSA4;ITSA4;ITSA4;ITSA4;ITSA4;;ITSA4;;;ITSA4;ITSA4;ITSA4;;;;;ITSA4;ITSA4;;ITSA4;;
ITAUUNIBANCO;ON N1;;;ITUB3;;;;;ITUB3;;;ITUB3;ITUB3;ITUB3;;;;;ITUB3;;;ITUB3;;
ITAUUNIBANCO;PN N1;;ITUB4;ITUB4;ITUB4;ITUB4;ITUB4;;ITUB4;;;ITUB4;ITUB4;ITUB4;;;;;ITUB4;ITUB4;;ITUB4;;
JBS;ON NM;;JBSS3;JBSS3;JBSS3;JBSS3;JBSS3;JBSS3;;;;;JBSS3;JBSS3;JBSS3;;;JBSS3;;JBSS3;JBSS3;JBSS3;;
JHSF PART;ON NM;;;;;;;;;;;;;JHSF3;JHSF3;;;;;JHSF3;;;;
JOAO FORTES;ON;;;;;;;;;;;;;;;;;;;JFEN3;;;;
JOHNSON;DRN;JNJB34;;;;;;;;;;;;;;;;;;;;;;
JPMORGAN;DRN;JPMC34;;;;;;;;;;;;;;;;;;;;;;
JSL;ON NM;;;;;;;;;;;;;JSLG3;JSLG3;;;;;JSLG3;;;;
KEPLER WEBER;ON;;;;;;;;;;;;;;;;;;;KEPL3;;;;
KIMBERLY CL;DRN;KMBB34;;;;;;;;;;;;;;;;;;;;;;
KLABIN S/A;UNT N2;;KLBN11;KLBN11;KLBN11;KLBN11;KLBN11;;;;;;KLBN11;KLBN11;;KLBN11;;KLBN11;KLBN11;KLBN11;KLBN11;KLBN11;;
KRAFT HEINZ;DRN;KHCB34;;;;;;;;;;;;;;;;;;;;;;
KROTON;ON NM;;KROT3;KROT3;KROT3;KROT3;;KROT3;;;;;KROT3;KROT3;KROT3;;;;;KROT3;KROT3;KROT3;;
L BRANDS;DRN;LBRN34;;;;;;;;;;;;;;;;;;;;;;
LE LIS BLANC;ON NM;;;;;;;;;;;;;LLIS3;LLIS3;;;;;LLIS3;;;;
LIGHT S/A;ON NM;;;LIGT3;;LIGT3;;;;LIGT3;;;LIGT3;LIGT3;LIGT3;;;;LIGT3;LIGT3;;;LIGT3;LIGT3
LILLY;DRN;LILY34;;;;;;;;;;;;;;;;;;;;;;
LINX;ON NM;;;LINX3;;LINX3;;;;;;;LINX3;LINX3;LINX3;;;;;LINX3;;;LINX3;
LIQ;ON NM;;;;;;;;;;;;;LIQO3;LIQO3;;;;;LIQO3;;;;
LOCALIZA;ON NM;;RENT3;RENT3;RENT3;RENT3;;RENT3;;;;;RENT3;RENT3;RENT3;;;;;RENT3;RENT3;RENT3;;
LOCAMERICA;ON NM;;;LCAM3;;;;LCAM3;;;;;LCAM3;LCAM3;LCAM3;;;;;LCAM3;;;;
LOCKHEED;DRN;LMTB34;;;;;;;;;;;;;;;;;;;;;;
LOG COM PROP;ON NM;;LOGG3;LOGG3;;LOGG3;;LOGG3;LOGG3;;;;LOGG3;LOGG3;LOGG3;;LOGG3;;LOGG3;LOGG3;LOGG3;;LOGG3;
LOG-IN;ON NM;;;;;;;;;;;;;LOGN3;LOGN3;;;;;LOGN3;;;;
LOJAS AMERIC;ON N1;;;LAME3;;;;LAME3;;;;;LAME3;LAME3;;;;;LAME3;LAME3;;LAME3;;
LOJAS AMERIC;PN N1;;LAME4;LAME4;LAME4;LAME4;LAME4;LAME4;;;;;LAME4;LAME4;;;;;LAME4;LAME4;LAME4;LAME4;;
LOJAS MARISA;ON NM;;;AMAR3;;;;AMAR3;;;;;AMAR3;AMAR3;AMAR3;;;;;AMAR3;;;AMAR3;
LOJAS RENNER;ON NM;;LREN3;LREN3;LREN3;LREN3;LREN3;LREN3;;;;;LREN3;LREN3;LREN3;;;;LREN3;LREN3;LREN3;LREN3;;
LOPES BRASIL;ON NM;;;;;;;;;;;;;LPSB3;LPSB3;;;;;LPSB3;;;;
M.DIASBRANCO;ON NM;;;MDIA3;;MDIA3;;MDIA3;;;;;MDIA3;MDIA3;MDIA3;;;MDIA3;;MDIA3;;MDIA3;;
MAGAZ LUIZA;ON NM;;MGLU3;MGLU3;MGLU3;MGLU3;;MGLU3;;;;;MGLU3;MGLU3;MGLU3;;;;;MGLU3;MGLU3;MGLU3;;
MARCOPOLO;ON N2;;;;;;;;;;;;;POMO3;;;;;;POMO3;;;;
MARCOPOLO;PN N2;;;POMO4;;POMO4;;;;;;;POMO4;POMO4;;;;POMO4;;POMO4;;;POMO4;
MARFRIG;ON NM;;MRFG3;MRFG3;;MRFG3;;MRFG3;;;;;MRFG3;MRFG3;MRFG3;;;MRFG3;;MRFG3;;;MRFG3;
MASTERCARD;DRN;MSCD34;;;;;;;;;;;;;;;;;;;;;;
MCDONALDS;DRN;MCDC34;;;;;;;;;;;;;;;;;;;;;;
MERCK;DRN;MRCK34;;;;;;;;;;;;;;;;;;;;;;
METAL LEVE;ON NM;;;LEVE3;;;;LEVE3;;;;;LEVE3;LEVE3;LEVE3;;;LEVE3;;LEVE3;;;LEVE3;
METALFRIO;ON NM;;;;;;;;;;;;;;;;;;;FRIO3;;;;
METLIFE INC;DRN;METB34;;;;;;;;;;;;;;;;;;;;;;
MICROSOFT;DRN;MSFT34;;;;;;;;;;;;;;;;;;;;;;
MILLS;ON NM;;;;;;;;;;;;;MILS3;MILS3;;;;;MILS3;;;;
MINERVA;ON NM;;;BEEF3;;BEEF3;;BEEF3;;;;;BEEF3;BEEF3;BEEF3;;;BEEF3;;BEEF3;;;BEEF3;
MONDELEZ INT;DRN;MDLZ34;;;;;;;;;;;;;;;;;;;;;;
MORGAN STAN;DRN;MSBR34;;;;;;;;;;;;;;;;;;;;;;
MOSAIC CO;DRN;MOSC34;;;;;;;;;;;;;;;;;;;;;;
MOVIDA;ON NM;;;MOVI3;;;;MOVI3;;;;;MOVI3;MOVI3;MOVI3;;;;;MOVI3;;;MOVI3;
MRV;ON NM;;MRVE3;MRVE3;;MRVE3;;MRVE3;MRVE3;;;;MRVE3;MRVE3;MRVE3;;MRVE3;MRVE3;MRVE3;MRVE3;MRVE3;;MRVE3;
MULTIPLAN;ON N2;;MULT3;MULT3;;MULT3;;;;;;;MULT3;MULT3;;;MULT3;;;MULT3;MULT3;MULT3;;
MULTIPLUS;ON NM;;;MPLU3;;;;MPLU3;MPLU3;;;;MPLU3;MPLU3;MPLU3;;;;;MPLU3;;;MPLU3;
NATURA;ON NM;;NATU3;NATU3;NATU3;NATU3;NATU3;NATU3;;;;;NATU3;NATU3;NATU3;;;NATU3;NATU3;NATU3;NATU3;NATU3;;
NETFLIX;DRN;NFLX34;;;;;;;;;;;;;;;;;;;;;;
NIKE;DRN;NIKE34;;;;;;;;;;;;;;;;;;;;;;
ODONTOPREV;ON NM;;;ODPV3;;ODPV3;;ODPV3;;;;;ODPV3;ODPV3;ODPV3;;;;;ODPV3;;;ODPV3;
OMEGA GER;ON NM;;;OMGE3;;;;;;OMGE3;;;OMGE3;OMGE3;OMGE3;;;;;OMGE3;;;OMGE3;OMGE3
ORACLE;DRN;ORCL34;;;;;;;;;;;;;;;;;;;;;;
OUROFINO S/A;ON NM;;;;;;;;;;;;;OFSA3;OFSA3;;;;;OFSA3;;;;
P.ACUCAR-CBD;PN N1;;PCAR4;PCAR4;PCAR4;PCAR4;PCAR4;PCAR4;;;;;PCAR4;PCAR4;;;;;;;PCAR4;PCAR4;;
PARANAPANEMA;ON NM;;;;;;;;;;;;;PMAM3;PMAM3;;;PMAM3;;PMAM3;;;;
PEPSICO INC;DRN;PEPB34;;;;;;;;;;;;;;;;;;;;;;
PETROBRAS;ON N2;;PETR3;PETR3;PETR3;PETR3;PETR3;;;;;;PETR3;PETR3;;;;;;PETR3;;PETR3;;
PETROBRAS;PN N2;;PETR4;PETR4;PETR4;PETR4;PETR4;;;;;;PETR4;PETR4;;;;;;PETR4;;PETR4;;
PETROBRAS BR;ON NM;;BRDT3;BRDT3;BRDT3;BRDT3;;;;;;;BRDT3;BRDT3;BRDT3;;;;;BRDT3;BRDT3;BRDT3;;
PETRORIO;ON NM;;;PRIO3;;;;;;;;;PRIO3;PRIO3;PRIO3;;;;;PRIO3;;;PRIO3;
PETTENATI;PN;;;;;;;;;;;;;;;;;;;PTNT4;;;;
PFIZER;DRN;PFIZ34;;;;;;;;;;;;;;;;;;;;;;
PG;DRN;PGCO34;;;;;;;;;;;;;;;;;;;;;;
PINE;PN N2;;;;;;;;;;;;;PINE4;;;;;;PINE4;;;;
PORTO SEGURO;ON NM;;;PSSA3;;PSSA3;;;PSSA3;;;PSSA3;PSSA3;PSSA3;PSSA3;;;;;PSSA3;;PSSA3;;
PORTOBELLO;ON NM;;;;;;;;;;;;;PTBL3;PTBL3;;;PTBL3;;PTBL3;;;;
POSITIVO TEC;ON NM;;;;;;;;;;;;;POSI3;POSI3;;;;;POSI3;;;;
PROFARMA;ON NM;;;;;;;;;;;;;PFRM3;PFRM3;;;;;PFRM3;;;;
QGEP PART;ON NM;;;QGEP3;;QGEP3;;;;;;;QGEP3;QGEP3;QGEP3;;;;;QGEP3;;;QGEP3;
QUALCOMM;DRN;QCOM34;;;;;;;;;;;;;;;;;;;;;;
QUALICORP;ON NM;;QUAL3;QUAL3;QUAL3;QUAL3;;QUAL3;QUAL3;;;;QUAL3;QUAL3;QUAL3;;;;;QUAL3;QUAL3;;QUAL3;
RAIADROGASIL;ON NM;;RADL3;RADL3;RADL3;RADL3;;RADL3;;;;;RADL3;RADL3;RADL3;;;;;RADL3;RADL3;RADL3;;
RANDON PART;ON N1;;;;;;;;;;;;;RAPT3;;;;;;;;;;
RANDON PART;PN N1;;;RAPT4;;RAPT4;;;;;;;RAPT4;RAPT4;;;;RAPT4;;RAPT4;;;RAPT4;
RENOVA;ON N2;;;;;;;;;;;;;RNEW3;;;;;;RNEW3;;;;
RENOVA;PN N2;;;;;;;;;;;;;RNEW4;;;;;;RNEW4;;;;
RENOVA;UNT N2;;;;;;;;;RNEW11;;;;RNEW11;;;;;;RNEW11;;;;
RNI;ON NM;;;;;;;;;;;;;RDNI3;RDNI3;;;;;RDNI3;;;;
ROSSI RESID;ON NM;;;;;;;;;;;;;RSID3;RSID3;;;;;RSID3;;;;
RUMO S.A.;ON NM;;RAIL3;RAIL3;RAIL3;RAIL3;;;;;;;RAIL3;RAIL3;RAIL3;;;;;RAIL3;RAIL3;RAIL3;;
SABESP;ON NM;;SBSP3;SBSP3;;SBSP3;;;;;;;SBSP3;SBSP3;SBSP3;;;;;SBSP3;SBSP3;SBSP3;;SBSP3
SANEPAR;PN N2;;;SAPR4;;;;;;;;;SAPR4;SAPR4;;;;;;SAPR4;;;SAPR4;SAPR4
SANEPAR;UNT N2;;;SAPR11;;SAPR11;;;SAPR11;;;;SAPR11;SAPR11;;;;;;SAPR11;;;SAPR11;SAPR11
SANTANDER BR;UNT;;SANB11;SANB11;SANB11;SANB11;SANB11;;SANB11;;;SANB11;;;;;;;SANB11;SANB11;;SANB11;;
SANTOS BRP;ON NM;;;STBP3;;;;;;;;;STBP3;STBP3;STBP3;;;;;STBP3;;;STBP3;
SAO CARLOS;ON NM;;;;;;;;;;;;;SCAR3;SCAR3;;;;;SCAR3;;;;
SAO MARTINHO;ON NM;;;SMTO3;;SMTO3;;SMTO3;;;;;SMTO3;SMTO3;SMTO3;;;SMTO3;;SMTO3;;;SMTO3;
SCHLUMBERGER;DRN;SLBG34;;;;;;;;;;;;;;;;;;;;;;
SER EDUCA;ON NM;;;SEER3;;SEER3;;SEER3;;;;;SEER3;SEER3;SEER3;;;;;SEER3;;;SEER3;
SID NACIONAL;ON;;CSNA3;CSNA3;CSNA3;CSNA3;;;;;;;;;;CSNA3;;CSNA3;;;CSNA3;CSNA3;;
SIERRABRASIL;ON NM;;;;;;;;;;;;;SSBR3;SSBR3;;;;;SSBR3;;;;
SINQIA;ON NM;;;;;;;;;;;;;SQIA3;SQIA3;;;;;SQIA3;;;;
SLC AGRICOLA;ON NM;;;SLCE3;;SLCE3;;SLCE3;SLCE3;;;;SLCE3;SLCE3;SLCE3;;;;;SLCE3;;;SLCE3;
SMILES;ON NM;;SMLS3;SMLS3;;SMLS3;;SMLS3;;;;;SMLS3;SMLS3;SMLS3;;;;;SMLS3;SMLS3;;SMLS3;
SOMOS EDUCA;ON NM;;;;;;;;;;;;;SEDU3;SEDU3;;;;;SEDU3;;;;
SPRINGS;ON NM;;;;;;;;;;;;;SGPS3;SGPS3;;;;;SGPS3;;;;
STARBUCKS;DRN;SBUB34;;;;;;;;;;;;;;;;;;;;;;
SUL AMERICA;UNT N2;;;SULA11;;SULA11;;;;;;SULA11;SULA11;SULA11;;;;;;SULA11;;;SULA11;
SUZANO PAPEL;ON NM;;SUZB3;SUZB3;SUZB3;SUZB3;SUZB3;;;;;;SUZB3;SUZB3;SUZB3;SUZB3;;SUZB3;;SUZB3;SUZB3;SUZB3;;
TAESA;UNT N2;;TAEE11;TAEE11;;TAEE11;;;TAEE11;TAEE11;;;TAEE11;TAEE11;;;;;;TAEE11;TAEE11;;TAEE11;TAEE11
TARGET CORP;DRN;TGTB34;;;;;;;;;;;;;;;;;;;;;;
TARPON INV;ON NM;;;;;;;;;;;;;TRPN3;TRPN3;;;;;TRPN3;;;;
TECHNOS;ON NM;;;;;;;;;;;;;TECN3;TECN3;;;;;TECN3;;;;
TECNISA;ON NM;;;;;;;;;;;;;TCSA3;TCSA3;;;TCSA3;;TCSA3;;;;
TEGMA;ON NM;;;TGMA3;;;;;;;;;TGMA3;TGMA3;TGMA3;;;;;TGMA3;;;TGMA3;
TELEF BRASIL;PN;;VIVT4;VIVT4;VIVT4;VIVT4;VIVT4;;VIVT4;;;;;;;;;;VIVT4;;;VIVT4;;
TENDA;ON NM;;;TEND3;;TEND3;;TEND3;;;;;TEND3;TEND3;TEND3;;TEND3;TEND3;;TEND3;;;TEND3;
TERRA SANTA;ON NM;;;;;;;;;;;;;TESA3;TESA3;;;;;TESA3;;;;
TEXAS INC;DRN;TEXA34;;;;;;;;;;;;;;;;;;;;;;
TIFFANY;DRN;TIFF34;;;;;;;;;;;;;;;;;;;;;;
TIM PART S/A;ON NM;;TIMP3;TIMP3;TIMP3;TIMP3;TIMP3;;;;;;TIMP3;TIMP3;TIMP3;;;;TIMP3;TIMP3;TIMP3;TIMP3;;
TIME FOR FUN;ON NM;;;;;;;;;;;;;SHOW3;SHOW3;;;;;SHOW3;;;;
TOTVS;ON NM;;;TOTS3;;TOTS3;;;;;;;TOTS3;TOTS3;TOTS3;;;;;TOTS3;;;TOTS3;
TRAN PAULIST;PN N1;;;TRPL4;;TRPL4;;;TRPL4;TRPL4;;;TRPL4;TRPL4;;;;;;;;;TRPL4;TRPL4
TRISUL;ON NM;;;;;;;;;;;;;TRIS3;TRIS3;;;;;TRIS3;;;;
TUPY;ON NM;;;TUPY3;;TUPY3;;;TUPY3;;;;TUPY3;TUPY3;TUPY3;;;TUPY3;;TUPY3;;;TUPY3;
ULTRAPAR;ON NM;;UGPA3;UGPA3;UGPA3;UGPA3;UGPA3;;;;;;UGPA3;UGPA3;UGPA3;;;;;UGPA3;UGPA3;UGPA3;;
UNICASA;ON NM;;;;;;;;;;;;;UCAS3;UCAS3;;;;;UCAS3;;;;
UNIONPACIFIC;DRN;UPAC34;;;;;;;;;;;;;;;;;;;;;;
UNIPAR;PNB;;;UNIP6;;;;;UNIP6;;;;;;;UNIP6;;UNIP6;;;;;UNIP6;
UNITED TECH;DRN;UTEC34;;;;;;;;;;;;;;;;;;;;;;
UPS;DRN;UPSS34;;;;;;;;;;;;;;;;;;;;;;
US BANCORP;DRN;USBC34;;;;;;;;;;;;;;;;;;;;;;
USIMINAS;ON N1;;;;;;;;;;;;;USIM3;;;;;;;;;;
USIMINAS;PNA N1;;USIM5;USIM5;USIM5;USIM5;;;;;;;USIM5;USIM5;;USIM5;;USIM5;;;USIM5;USIM5;;
VALE;ON NM;;VALE3;VALE3;VALE3;VALE3;;;;;;;VALE3;VALE3;VALE3;VALE3;;;;VALE3;;VALE3;;
VALID;ON NM;;;VLID3;;VLID3;;;;;;;VLID3;VLID3;VLID3;;;;;VLID3;;;VLID3;
VERIZON;DRN;VERZ34;;;;;;;;;;;;;;;;;;;;;;
VIAVAREJO;ON NM;;VVAR3;VVAR3;VVAR3;VVAR3;;VVAR3;;;;;VVAR3;VVAR3;VVAR3;;;;;VVAR3;VVAR3;;VVAR3;
VISA INC;DRN;VISA34;;;;;;;;;;;;;;;;;;;;;;
VULCABRAS;ON NM;;;VULC3;;;;VULC3;;;;;VULC3;VULC3;VULC3;;;VULC3;;VULC3;;;VULC3;
WAL MART;DRN;WALM34;;;;;;;;;;;;;;;;;;;;;;
WALT DISNEY;DRN;DISB34;;;;;;;;;;;;;;;;;;;;;;
WEG;ON NM;;WEGE3;WEGE3;WEGE3;WEGE3;WEGE3;;;;;;WEGE3;WEGE3;WEGE3;;;WEGE3;WEGE3;WEGE3;WEGE3;WEGE3;;
WELLS FARGO;DRN;WFCO34;;;;;;;;;;;;;;;;;;;;;;
WESTERNUNION;DRN;WUNI34;;;;;;;;;;;;;;;;;;;;;;
WIZ S.A.;ON NM;;;WIZS3;;;;;;;;;WIZS3;WIZS3;WIZS3;;;;;WIZS3;;;WIZS3;
XEROX CORP;DRN;XRXB34;;;;;;;;;;;;;;;;;;;;;;